<?xml version="1.0" encoding="utf-8" standalone="yes"?>
<rss version="2.0" xmlns:atom="http://www.w3.org/2005/Atom">
  <channel>
    <title>错误 on Naasi 博客</title>
    <link>http://www.naasi.online/zh/tags/%E9%94%99%E8%AF%AF/</link>
    <description>Recent content in 错误 on Naasi 博客</description>
    <image>
      <title>Naasi 博客</title>
      <url>http://www.naasi.online/images/papermod-cover.png</url>
      <link>http://www.naasi.online/images/papermod-cover.png</link>
    </image>
    <generator>Hugo -- gohugo.io</generator>
    <language>zh</language>
    <copyright>[PaperMod Contributors](https://github.com/adityatelange/hugo-PaperMod/graphs/contributors)</copyright>
    <lastBuildDate>Tue, 18 Mar 2025 01:22:29 +0800</lastBuildDate>
    <atom:link href="http://www.naasi.online/zh/tags/%E9%94%99%E8%AF%AF/index.xml" rel="self" type="application/rss+xml" />
    <item>
      <title>异常控制流程</title>
      <link>http://www.naasi.online/zh/posts/exception/</link>
      <pubDate>Tue, 18 Mar 2025 01:22:29 +0800</pubDate>
      <guid>http://www.naasi.online/zh/posts/exception/</guid>
      <description>全面概述异常控制流程机制，涵盖异常、中断、陷阱、系统调用、错误和终止。</description>
    </item>
  </channel>
</rss>
