<?xml version="1.0" encoding="utf-8" standalone="yes"?>
<rss version="2.0" xmlns:atom="http://www.w3.org/2005/Atom">
  <channel>
    <title>System Call on Naasi Blog</title>
    <link>http://www.naasi.online/en/tags/system-call/</link>
    <description>Recent content in System Call on Naasi Blog</description>
    <image>
      <title>Naasi Blog</title>
      <url>http://www.naasi.online/images/papermod-cover.png</url>
      <link>http://www.naasi.online/images/papermod-cover.png</link>
    </image>
    <generator>Hugo -- gohugo.io</generator>
    <language>en</language>
    <copyright>[PaperMod Contributors](https://github.com/adityatelange/hugo-PaperMod/graphs/contributors)</copyright>
    <lastBuildDate>Tue, 18 Mar 2025 01:22:29 +0800</lastBuildDate>
    <atom:link href="http://www.naasi.online/en/tags/system-call/index.xml" rel="self" type="application/rss+xml" />
    <item>
      <title>Exceptional Control Flow</title>
      <link>http://www.naasi.online/en/posts/exception/</link>
      <pubDate>Tue, 18 Mar 2025 01:22:29 +0800</pubDate>
      <guid>http://www.naasi.online/en/posts/exception/</guid>
      <description>An overview of exceptional control flow mechanisms, covering exceptions, interrupts, traps, system calls, faults, and aborts.</description>
    </item>
  </channel>
</rss>
