<?xml version="1.0" encoding="utf-8" standalone="yes"?>
<rss version="2.0" xmlns:atom="http://www.w3.org/2005/Atom">
  <channel>
    <title>Tutorial on Naasi Blog</title>
    <link>http://www.naasi.online/en/categories/tutorial/</link>
    <description>Recent content in Tutorial on Naasi Blog</description>
    <image>
      <title>Naasi Blog</title>
      <url>http://www.naasi.online/images/papermod-cover.png</url>
      <link>http://www.naasi.online/images/papermod-cover.png</link>
    </image>
    <generator>Hugo -- gohugo.io</generator>
    <language>en</language>
    <copyright>[PaperMod Contributors](https://github.com/adityatelange/hugo-PaperMod/graphs/contributors)</copyright>
    <lastBuildDate>Sat, 22 Mar 2025 20:24:28 +0800</lastBuildDate>
    <atom:link href="http://www.naasi.online/en/categories/tutorial/index.xml" rel="self" type="application/rss+xml" />
    <item>
      <title>Github_edu</title>
      <link>http://www.naasi.online/en/posts/github_edu/</link>
      <pubDate>Sat, 22 Mar 2025 20:24:28 +0800</pubDate>
      <guid>http://www.naasi.online/en/posts/github_edu/</guid>
      <description>GitHub Copilot Tutorial</description>
    </item>
  </channel>
</rss>
