<?xml version="1.0" encoding="utf-8" standalone="yes"?>
<rss version="2.0" xmlns:atom="http://www.w3.org/2005/Atom">
  <channel>
    <title>标签 on Naasi 博客</title>
    <link>http://www.naasi.online/zh/tags/</link>
    <description>Recent content in 标签 on Naasi 博客</description>
    <image>
      <title>Naasi 博客</title>
      <url>http://www.naasi.online/images/papermod-cover.png</url>
      <link>http://www.naasi.online/images/papermod-cover.png</link>
    </image>
    <generator>Hugo -- gohugo.io</generator>
    <language>zh</language>
    <copyright>[PaperMod Contributors](https://github.com/adityatelange/hugo-PaperMod/graphs/contributors)</copyright>
    <lastBuildDate>Sat, 22 Mar 2025 20:24:28 +0800</lastBuildDate>
    <atom:link href="http://www.naasi.online/zh/tags/index.xml" rel="self" type="application/rss+xml" />
    <item>
      <title>Copilot</title>
      <link>http://www.naasi.online/zh/tags/copilot/</link>
      <pubDate>Sat, 22 Mar 2025 20:24:28 +0800</pubDate>
      <guid>http://www.naasi.online/zh/tags/copilot/</guid>
      <description></description>
    </item>
    <item>
      <title>错误</title>
      <link>http://www.naasi.online/zh/tags/%E9%94%99%E8%AF%AF/</link>
      <pubDate>Tue, 18 Mar 2025 01:22:29 +0800</pubDate>
      <guid>http://www.naasi.online/zh/tags/%E9%94%99%E8%AF%AF/</guid>
      <description></description>
    </item>
    <item>
      <title>系统调用</title>
      <link>http://www.naasi.online/zh/tags/%E7%B3%BB%E7%BB%9F%E8%B0%83%E7%94%A8/</link>
      <pubDate>Tue, 18 Mar 2025 01:22:29 +0800</pubDate>
      <guid>http://www.naasi.online/zh/tags/%E7%B3%BB%E7%BB%9F%E8%B0%83%E7%94%A8/</guid>
      <description></description>
    </item>
    <item>
      <title>陷阱</title>
      <link>http://www.naasi.online/zh/tags/%E9%99%B7%E9%98%B1/</link>
      <pubDate>Tue, 18 Mar 2025 01:22:29 +0800</pubDate>
      <guid>http://www.naasi.online/zh/tags/%E9%99%B7%E9%98%B1/</guid>
      <description></description>
    </item>
    <item>
      <title>异常</title>
      <link>http://www.naasi.online/zh/tags/%E5%BC%82%E5%B8%B8/</link>
      <pubDate>Tue, 18 Mar 2025 01:22:29 +0800</pubDate>
      <guid>http://www.naasi.online/zh/tags/%E5%BC%82%E5%B8%B8/</guid>
      <description></description>
    </item>
    <item>
      <title>中断</title>
      <link>http://www.naasi.online/zh/tags/%E4%B8%AD%E6%96%AD/</link>
      <pubDate>Tue, 18 Mar 2025 01:22:29 +0800</pubDate>
      <guid>http://www.naasi.online/zh/tags/%E4%B8%AD%E6%96%AD/</guid>
      <description></description>
    </item>
    <item>
      <title>终止</title>
      <link>http://www.naasi.online/zh/tags/%E7%BB%88%E6%AD%A2/</link>
      <pubDate>Tue, 18 Mar 2025 01:22:29 +0800</pubDate>
      <guid>http://www.naasi.online/zh/tags/%E7%BB%88%E6%AD%A2/</guid>
      <description></description>
    </item>
    <item>
      <title>博客</title>
      <link>http://www.naasi.online/zh/tags/%E5%8D%9A%E5%AE%A2/</link>
      <pubDate>Tue, 04 Feb 2025 16:24:04 +0800</pubDate>
      <guid>http://www.naasi.online/zh/tags/%E5%8D%9A%E5%AE%A2/</guid>
      <description></description>
    </item>
    <item>
      <title>欢迎</title>
      <link>http://www.naasi.online/zh/tags/%E6%AC%A2%E8%BF%8E/</link>
      <pubDate>Tue, 04 Feb 2025 16:24:04 +0800</pubDate>
      <guid>http://www.naasi.online/zh/tags/%E6%AC%A2%E8%BF%8E/</guid>
      <description></description>
    </item>
  </channel>
</rss>
