<?xml version="1.0" encoding="utf-8" standalone="yes"?>
<rss version="2.0" xmlns:atom="http://www.w3.org/2005/Atom">
  <channel>
    <title>分类 on Naasi 博客</title>
    <link>http://www.naasi.online/zh/categories/</link>
    <description>Recent content in 分类 on Naasi 博客</description>
    <image>
      <title>Naasi 博客</title>
      <url>http://www.naasi.online/images/papermod-cover.png</url>
      <link>http://www.naasi.online/images/papermod-cover.png</link>
    </image>
    <generator>Hugo -- gohugo.io</generator>
    <language>zh</language>
    <copyright>[PaperMod Contributors](https://github.com/adityatelange/hugo-PaperMod/graphs/contributors)</copyright>
    <lastBuildDate>Sat, 22 Mar 2025 20:24:28 +0800</lastBuildDate>
    <atom:link href="http://www.naasi.online/zh/categories/index.xml" rel="self" type="application/rss+xml" />
    <item>
      <title>教程</title>
      <link>http://www.naasi.online/zh/categories/%E6%95%99%E7%A8%8B/</link>
      <pubDate>Sat, 22 Mar 2025 20:24:28 +0800</pubDate>
      <guid>http://www.naasi.online/zh/categories/%E6%95%99%E7%A8%8B/</guid>
      <description></description>
    </item>
    <item>
      <title>异常和中断</title>
      <link>http://www.naasi.online/zh/categories/%E5%BC%82%E5%B8%B8%E5%92%8C%E4%B8%AD%E6%96%AD/</link>
      <pubDate>Tue, 18 Mar 2025 01:22:29 +0800</pubDate>
      <guid>http://www.naasi.online/zh/categories/%E5%BC%82%E5%B8%B8%E5%92%8C%E4%B8%AD%E6%96%AD/</guid>
      <description></description>
    </item>
    <item>
      <title>简介</title>
      <link>http://www.naasi.online/zh/categories/%E7%AE%80%E4%BB%8B/</link>
      <pubDate>Tue, 04 Feb 2025 16:24:04 +0800</pubDate>
      <guid>http://www.naasi.online/zh/categories/%E7%AE%80%E4%BB%8B/</guid>
      <description></description>
    </item>
  </channel>
</rss>
