<?xml version="1.0" encoding="utf-8" standalone="yes"?>
<rss version="2.0" xmlns:atom="http://www.w3.org/2005/Atom">
  <channel>
    <title>Categories on Naasi Blog</title>
    <link>http://www.naasi.online/en/categories/</link>
    <description>Recent content in Categories on Naasi Blog</description>
    <image>
      <title>Naasi Blog</title>
      <url>http://www.naasi.online/images/papermod-cover.png</url>
      <link>http://www.naasi.online/images/papermod-cover.png</link>
    </image>
    <generator>Hugo -- gohugo.io</generator>
    <language>en</language>
    <copyright>[PaperMod Contributors](https://github.com/adityatelange/hugo-PaperMod/graphs/contributors)</copyright>
    <lastBuildDate>Sat, 22 Mar 2025 20:24:28 +0800</lastBuildDate>
    <atom:link href="http://www.naasi.online/en/categories/index.xml" rel="self" type="application/rss+xml" />
    <item>
      <title>Tutorial</title>
      <link>http://www.naasi.online/en/categories/tutorial/</link>
      <pubDate>Sat, 22 Mar 2025 20:24:28 +0800</pubDate>
      <guid>http://www.naasi.online/en/categories/tutorial/</guid>
      <description></description>
    </item>
    <item>
      <title>Exception and Interrupts</title>
      <link>http://www.naasi.online/en/categories/exception-and-interrupts/</link>
      <pubDate>Tue, 18 Mar 2025 01:22:29 +0800</pubDate>
      <guid>http://www.naasi.online/en/categories/exception-and-interrupts/</guid>
      <description></description>
    </item>
    <item>
      <title>Introduction</title>
      <link>http://www.naasi.online/en/categories/introduction/</link>
      <pubDate>Tue, 04 Feb 2025 16:24:04 +0800</pubDate>
      <guid>http://www.naasi.online/en/categories/introduction/</guid>
      <description></description>
    </item>
  </channel>
</rss>
