<?xml version="1.0" encoding="utf-8" standalone="yes"?>
<rss version="2.0" xmlns:atom="http://www.w3.org/2005/Atom">
  <channel>
    <title>Blog on Naasi Blog</title>
    <link>http://www.naasi.online/en/tags/blog/</link>
    <description>Recent content in Blog on Naasi Blog</description>
    <image>
      <title>Naasi Blog</title>
      <url>http://www.naasi.online/images/papermod-cover.png</url>
      <link>http://www.naasi.online/images/papermod-cover.png</link>
    </image>
    <generator>Hugo -- gohugo.io</generator>
    <language>en</language>
    <copyright>[PaperMod Contributors](https://github.com/adityatelange/hugo-PaperMod/graphs/contributors)</copyright>
    <lastBuildDate>Tue, 04 Feb 2025 16:24:04 +0800</lastBuildDate>
    <atom:link href="http://www.naasi.online/en/tags/blog/index.xml" rel="self" type="application/rss+xml" />
    <item>
      <title>Hello World</title>
      <link>http://www.naasi.online/en/posts/hello-world/</link>
      <pubDate>Tue, 04 Feb 2025 16:24:04 +0800</pubDate>
      <guid>http://www.naasi.online/en/posts/hello-world/</guid>
      <description>Welcome to my blog</description>
    </item>
  </channel>
</rss>
