<?xml version="1.0" encoding="utf-8" standalone="yes"?>
<rss version="2.0" xmlns:atom="http://www.w3.org/2005/Atom">
  <channel>
    <title>简介 on Naasi 博客</title>
    <link>http://www.naasi.online/zh/categories/%E7%AE%80%E4%BB%8B/</link>
    <description>Recent content in 简介 on Naasi 博客</description>
    <image>
      <title>Naasi 博客</title>
      <url>http://www.naasi.online/images/papermod-cover.png</url>
      <link>http://www.naasi.online/images/papermod-cover.png</link>
    </image>
    <generator>Hugo -- gohugo.io</generator>
    <language>zh</language>
    <copyright>[PaperMod Contributors](https://github.com/adityatelange/hugo-PaperMod/graphs/contributors)</copyright>
    <lastBuildDate>Tue, 04 Feb 2025 16:24:04 +0800</lastBuildDate>
    <atom:link href="http://www.naasi.online/zh/categories/%E7%AE%80%E4%BB%8B/index.xml" rel="self" type="application/rss+xml" />
    <item>
      <title>你好，世界</title>
      <link>http://www.naasi.online/zh/posts/hello-world/</link>
      <pubDate>Tue, 04 Feb 2025 16:24:04 +0800</pubDate>
      <guid>http://www.naasi.online/zh/posts/hello-world/</guid>
      <description>欢迎来到我的博客</description>
    </item>
  </channel>
</rss>
