<?xml version="1.0" encoding="utf-8" standalone="yes"?>
<rss version="2.0" xmlns:atom="http://www.w3.org/2005/Atom">
  <channel>
    <title>Tags on Naasi Blog</title>
    <link>http://www.naasi.online/en/tags/</link>
    <description>Recent content in Tags on Naasi Blog</description>
    <image>
      <title>Naasi Blog</title>
      <url>http://www.naasi.online/images/papermod-cover.png</url>
      <link>http://www.naasi.online/images/papermod-cover.png</link>
    </image>
    <generator>Hugo -- gohugo.io</generator>
    <language>en</language>
    <copyright>[PaperMod Contributors](https://github.com/adityatelange/hugo-PaperMod/graphs/contributors)</copyright>
    <lastBuildDate>Sat, 22 Mar 2025 20:24:28 +0800</lastBuildDate>
    <atom:link href="http://www.naasi.online/en/tags/index.xml" rel="self" type="application/rss+xml" />
    <item>
      <title>Copilot</title>
      <link>http://www.naasi.online/en/tags/copilot/</link>
      <pubDate>Sat, 22 Mar 2025 20:24:28 +0800</pubDate>
      <guid>http://www.naasi.online/en/tags/copilot/</guid>
      <description></description>
    </item>
    <item>
      <title>Abort</title>
      <link>http://www.naasi.online/en/tags/abort/</link>
      <pubDate>Tue, 18 Mar 2025 01:22:29 +0800</pubDate>
      <guid>http://www.naasi.online/en/tags/abort/</guid>
      <description></description>
    </item>
    <item>
      <title>Exception</title>
      <link>http://www.naasi.online/en/tags/exception/</link>
      <pubDate>Tue, 18 Mar 2025 01:22:29 +0800</pubDate>
      <guid>http://www.naasi.online/en/tags/exception/</guid>
      <description></description>
    </item>
    <item>
      <title>Fault</title>
      <link>http://www.naasi.online/en/tags/fault/</link>
      <pubDate>Tue, 18 Mar 2025 01:22:29 +0800</pubDate>
      <guid>http://www.naasi.online/en/tags/fault/</guid>
      <description></description>
    </item>
    <item>
      <title>Interrupt</title>
      <link>http://www.naasi.online/en/tags/interrupt/</link>
      <pubDate>Tue, 18 Mar 2025 01:22:29 +0800</pubDate>
      <guid>http://www.naasi.online/en/tags/interrupt/</guid>
      <description></description>
    </item>
    <item>
      <title>System Call</title>
      <link>http://www.naasi.online/en/tags/system-call/</link>
      <pubDate>Tue, 18 Mar 2025 01:22:29 +0800</pubDate>
      <guid>http://www.naasi.online/en/tags/system-call/</guid>
      <description></description>
    </item>
    <item>
      <title>Trap</title>
      <link>http://www.naasi.online/en/tags/trap/</link>
      <pubDate>Tue, 18 Mar 2025 01:22:29 +0800</pubDate>
      <guid>http://www.naasi.online/en/tags/trap/</guid>
      <description></description>
    </item>
    <item>
      <title>Blog</title>
      <link>http://www.naasi.online/en/tags/blog/</link>
      <pubDate>Tue, 04 Feb 2025 16:24:04 +0800</pubDate>
      <guid>http://www.naasi.online/en/tags/blog/</guid>
      <description></description>
    </item>
    <item>
      <title>Welcome</title>
      <link>http://www.naasi.online/en/tags/welcome/</link>
      <pubDate>Tue, 04 Feb 2025 16:24:04 +0800</pubDate>
      <guid>http://www.naasi.online/en/tags/welcome/</guid>
      <description></description>
    </item>
  </channel>
</rss>
